{"videos": {"_type": "video-file", "sha256": "7cd9c246c6ea0402a7e59c46ee37f7364600c56de629622bd8948a1b0d520b8e", "size": 22822, "path": "media/videos/videos_18_7cd9c246c6ea0402a7e5.mp4"}, "_timestamp": 1709701817.1058388, "_runtime": 1251.6888167858124, "_step": 10482, "global_step": 999424, "charts/episodic_return": -47.44417953491211, "charts/episodic_length": 100.0, "charts/learning_rate": 6.147540716483491e-07, "losses/value_loss": 0.012403463013470173, "losses/policy_loss": -0.0033876746892929077, "losses/entropy": -2.0941057205200195, "losses/old_approx_kl": 6.21238723397255e-05, "losses/approx_kl": 0.00019105151295661926, "losses/clipfrac": 0.0, "charts/SPS": 801.0, "_wandb": {"runtime": 1249}}