{"videos": {"_type": "video-file", "sha256": "d206086aebbf00bcf1a224e400c2ee548a08ea025e689cb9f9ab8e6e24fb513c", "size": 1448798, "path": "media/videos/videos_9_d206086aebbf00bcf1a2.mp4"}, "_timestamp": 1709699022.70224, "_runtime": 1269.237832069397, "_step": 1494, "global_step": 999424, "charts/episodic_return": 4014.646484375, "charts/episodic_length": 1000.0, "charts/learning_rate": 6.147540716483491e-07, "losses/value_loss": 0.06277687847614288, "losses/policy_loss": -0.0012569166719913483, "losses/entropy": 2.7950406074523926, "losses/old_approx_kl": -0.003944910131394863, "losses/approx_kl": 0.000248161144554615, "losses/clipfrac": 0.0, "charts/SPS": 789.0, "_wandb": {"runtime": 1267}}