{"videos": {"_type": "video-file", "sha256": "46f462ebfe4865fb677a2f4b00205366d5761b2076138670735b917de6248cef", "size": 2061857, "path": "media/videos/videos_9_46f462ebfe4865fb677a.mp4"}, "_timestamp": 1709693720.3954585, "_runtime": 1278.8465523719788, "_step": 1494, "global_step": 999424, "charts/episodic_return": 1587.6636962890625, "charts/episodic_length": 1000.0, "charts/learning_rate": 6.147540716483491e-07, "losses/value_loss": 0.0686502605676651, "losses/policy_loss": -0.01720912754535675, "losses/entropy": -2.9307823181152344, "losses/old_approx_kl": 0.0028546852990984917, "losses/approx_kl": 0.0027685286477208138, "losses/clipfrac": 0.0022949217818677425, "charts/SPS": 785.0, "_wandb": {"runtime": 1274}}