{"videos": {"_type": "video-file", "sha256": "93d92ace9bfdde154c08127d1cf726a3344852fefa7767da0e4c8e381eff194c", "size": 235548, "path": "media/videos/videos_19_93d92ace9bfdde154c08.mp4"}, "_timestamp": 1709707491.2703273, "_runtime": 2185.074297428131, "_step": 11096, "global_step": 999424, "charts/episodic_return": 500.5008850097656, "charts/episodic_length": 100.0, "charts/learning_rate": 6.147540716483491e-07, "losses/value_loss": 0.011013881303369999, "losses/policy_loss": -0.01140616461634636, "losses/entropy": 11.155961990356445, "losses/old_approx_kl": -0.003299824893474579, "losses/approx_kl": 0.000308857299387455, "losses/clipfrac": 0.0, "charts/SPS": 458.0, "_wandb": {"runtime": 2181}}