{"videos": {"_type": "video-file", "sha256": "e8994b067db47fff2b5c9c02851679e7ac6a406ff634d6f32b369fb690815157", "size": 23622, "path": "media/videos/videos_18_e8994b067db47fff2b5c.mp4"}, "_timestamp": 1709703405.7236764, "_runtime": 1295.8313324451447, "_step": 10482, "global_step": 999424, "charts/episodic_return": -74.86398315429688, "charts/episodic_length": 100.0, "charts/learning_rate": 6.147540716483491e-07, "losses/value_loss": 0.022340837866067886, "losses/policy_loss": 0.0008565261960029602, "losses/entropy": -1.83592689037323, "losses/old_approx_kl": -0.0022356174886226654, "losses/approx_kl": 0.000415935181081295, "losses/clipfrac": 0.0, "charts/SPS": 774.0, "_wandb": {"runtime": 1292}}