{"videos": {"_type": "video-file", "sha256": "9321457fdeeb1e349ca8bc98f8f17effdfcf2849759f371cf0617422573f80c3", "size": 1513190, "path": "media/videos/videos_9_9321457fdeeb1e349ca8.mp4"}, "_timestamp": 1709687799.7104182, "_runtime": 1326.6927061080933, "_step": 1494, "global_step": 999424, "charts/episodic_return": 3999.294921875, "charts/episodic_length": 1000.0, "charts/learning_rate": 6.147540716483491e-07, "losses/value_loss": 0.06295221298933029, "losses/policy_loss": -0.004789285361766815, "losses/entropy": 2.332563877105713, "losses/old_approx_kl": 0.00035105645656585693, "losses/approx_kl": 0.00026903022080659866, "losses/clipfrac": 0.0, "charts/SPS": 755.0, "_wandb": {"runtime": 1325}}