{"videos": {"_type": "video-file", "sha256": "d21a4308a25d466cd86f474cd5b0126f2b2bd0fdb3153ee606b2e8d55ea9edea", "size": 236441, "path": "media/videos/videos_19_d21a4308a25d466cd86f.mp4"}, "_timestamp": 1709707825.8754005, "_runtime": 2101.9444074630737, "_step": 11141, "global_step": 999424, "charts/episodic_return": 581.9943237304688, "charts/episodic_length": 107.0, "charts/learning_rate": 6.147540716483491e-07, "losses/value_loss": 0.01483953557908535, "losses/policy_loss": -0.006281519308686256, "losses/entropy": 10.150251388549805, "losses/old_approx_kl": 0.0006775408983230591, "losses/approx_kl": 0.00025667157024145126, "losses/clipfrac": 0.0, "charts/SPS": 476.0, "_wandb": {"runtime": 2100}}